2025-11-18_00-47-19,None,draft.py:2025-11-18_00-47-19
2025-11-18_00-50-53,None,draft.py:2025-11-18_00-50-53
2025-11-18_00-50-59,None,draft.py:2025-11-18_00-50-53
2025-11-18_00-51-22,None,draft.py:2025-11-18_00-50-53
2025-11-18_00-52-53,None,draft.py:2025-11-18_00-52-53
2025-11-18_00-52-59,None,draft.py:2025-11-18_00-52-53
2025-11-18_00-53-53,None,draft.py:2025-11-18_00-53-53
2025-11-18_00-55-26,None,draft.py:2025-11-18_00-55-26
2025-11-18_00-57-50,None,draft.py:2025-11-18_00-55-26
2025-11-18_01-00-12,None,draft.py:2025-11-18_00-55-26
2025-11-18_01-01-34,None,draft.py:2025-11-18_01-01-34
2025-11-18_01-18-10,None,draft.py:2025-11-18_01-01-34
